caja_abierta;G15T-BC52
caja_abierta;CJ19-BC52
caja_abierta;NBA1-BC52
caja_abierta;N89I-BC52
caja_abierta;T51G-BC52
caja_abierta;GH65-BC52
caja_abierta;1FT6-BC52
caja_abierta;Z99C-BC52
caja_abierta;79EW-BC52
caja_abierta;03BG-BC52
caja_abierta;49VB-BC52
caja_abierta;Q34C-BC52
caja_abierta;Y8Y9-BC52
caja_abierta;BL19-BC52
caja_abierta;K5NP-BC52
caja_abierta;WE22-BC52
caja_abierta;N12G-BC52
caja_abierta;VL2W-BC52
caja_abierta;48VD-BC52
caja_abierta;MJ87-BC52
caja_abierta;45A5-BC52
caja_abierta;HET7-BC52
caja_abierta;UFO5-BC52
caja_abierta;PT23-BC52
caja_abierta;CS21-BC52
caja_abierta;TH55-BC52
caja_abierta;26DS-BC52
caja_abierta;8GRD-BC52
caja_abierta;SDEW-BC52
caja_abierta;456F-BC52
caja_abierta;12AS-BC52
caja_abierta;459S-BC52
caja_abierta;65AB-BC52
caja_abierta;17ER-BC52
caja_abierta;MB45-BC52
caja_abierta;LP54-BC52
caja_abierta;CÃ‘45-BC52
caja_abierta;48VD-BC52
caja_abierta;G15T-BC52
caja_abierta;TH55-BC52
caja_abierta;CS21-BC52
caja_abierta;O796-BC52
caja_abierta;Q34C-BC52
caja_abierta;N86A-BC52
caja_abierta;HHHH-BC52
caja_abierta;LPER-BC52
caja_abierta;T51G-BC52
caja_abierta;78CD-BC52
caja_abierta;VVVV-BC52
caja_abierta;DGTT-BC52
caja_abierta;26AV-BC52
caja_abierta;92BB-BC52
caja_abierta;AD4F-BC52
caja_abierta;WE22-BC52
caja_abierta;WEW7-BC52
caja_abierta;QP95-BC52
caja_abierta;PT23-BC52
caja_abierta;AS78-BC52
caja_abierta;N12G-BC52
caja_abierta;8J2O-BC52
caja_abierta;8N5J-BC52
caja_abierta;GGGT-BC52
caja_abierta;QQ45-BC52
caja_abierta;FFF8-BC52
caja_abierta;C94C-BC52
caja_abierta;MJ87-BC52
caja_abierta;2GB8-BC52
caja_abierta;G58U-BC52
caja_abierta;DTR2-BC52
caja_abierta;45A5-BC52
caja_abierta;11WE-BC52
caja_abierta;FLP4-BC52
caja_abierta;N89I-BC52
caja_abierta;65Ab-BC52
caja_abierta;SLO7-BC52
caja_abierta;DF81-BC52
caja_abierta;26AV-BC52
caja_abierta;AS78-BC52
caja_abierta;19XW-BC52
caja_abierta;SLO7-BC52
caja_abierta;C94C-BC52
caja_abierta;SD13-BC52
caja_abierta;59AC-BC52
caja_abierta;65Ab-BC52
caja_abierta;TN61-BC52
caja_abierta;NM13-BC52
caja_abierta;FLP4-BC52
caja_abierta;282b-BC52
caja_abierta;59AC-BC52
caja_abierta;YYYY-BC52
caja_abierta;PWER-BC52
caja_abierta;POTY-BC52
caja_abierta;65Ab-BC52
caja_abierta;42U7-BC52
caja_abierta;HET7-BC52
caja_abierta;TTTT-BC52
caja_abierta;UFO5-BC52
caja_abierta;N89I-BC52
caja_abierta;HT64-BC52
caja_abierta;GTRR-BC52
caja_abierta;FTGH-BC52